{
  "features_min": [
    15.252477388755697,
    32.811484920150164,
    491.0,
    350.0,
    -1.0,
    -1.0,
    0.572024599121839,
    4.1657102932350885
  ],
  "features_max": [
    34.55495927800268,
    95.0,
    4095.0,
    6000.0,
    1.0,
    1.0,
    410.6545736801143,
    187.47887143121832
  ],
  "recommender_min": [
    0.0,
    0.0,
    -159.5293749767815,
    0.0
  ],
  "recommender_max": [
    3.0,
    1.0,
    313.04112483691176,
    23.0
  ],
  "aqi_min": 0.0,
  "aqi_max": 486.1341155230089
}